Direction,Name,Off/Peak,Preference,Toll1,Toll2,Toll3,Toll4,TollTotal,GoogleMapsLink
ToWork,116-GSP-153,,99, $-   , $2.25 ,,, $2.25 ,"https://www.google.com/maps/dir/45+Stonehenge+Dr,+Lincroft,+NJ+07738-1516,+USA/77+River+Rd,+Clifton,+NJ+07014/@40.3879004,-74.1658009,13.54z/data=!4m29!4m28!1m20!1m1!1s0x89c22e01a297ca87:0xcbd4d562f29f2e74!2m2!1d-74.1196508!2d40.336069!3m4!1m2!1d-74.1851561!2d40.3833325!3s0x89c232e30cd810cf:0x7b92e45bfb411d79!3m4!1m2!1d-74.1626381!2d40.8410759!3s0x89c2ff0ce653c995:0x2cb839cf9de1b961!3m4!1m2!1d-74.135497!2d40.8278745!3s0x89c2ff4f8e9b46c9:0x8caef042cfb100dc!1m5!1m1!1s0x89c2ff453cbc1c3b:0xd4fe1ad1c4b6f2bc!2m2!1d-74.1370336!2d40.8268293!3e0?entry=ttu&g_ep=EgoyMDI2MDYyOC4wIKXMDSoASAFQAw%3D%3D"
ToWork,114-GSP-153,,97, $0.79 , $2.25 ,,, $3.04 ,"https://www.google.com/maps/dir/45+Stonehenge+Dr,+Lincroft,+NJ+07738-1516,+USA/77+River+Rd,+Clifton,+NJ+07014/@40.3776572,-74.1440167,15.29z/data=!4m29!4m28!1m20!1m1!1s0x89c22e01a297ca87:0xcbd4d562f29f2e74!2m2!1d-74.1196508!2d40.336069!3m4!1m2!1d-74.1456679!2d40.3754147!3s0x89c232366a5f9363:0x9dacf1b95994851!3m4!1m2!1d-74.1626381!2d40.8410759!3s0x89c2ff0ce653c995:0x2cb839cf9de1b961!3m4!1m2!1d-74.135497!2d40.8278745!3s0x89c2ff4f8e9b46c9:0x8caef042cfb100dc!1m5!1m1!1s0x89c2ff453cbc1c3b:0xd4fe1ad1c4b6f2bc!2m2!1d-74.1370336!2d40.8268293!3e0?entry=ttu&g_ep=EgoyMDI2MDYyOC4wIKXMDSoASAFQAw%3D%3D"
ToWork,109-GSP-153,,95, $0.79 , $2.25 ,,, $3.04 ,"https://www.google.com/maps/dir/45+Stonehenge+Dr,+Lincroft,+NJ+07738-1516,+USA/77+River+Rd,+Clifton,+NJ+07014/@40.3487312,-74.1161171,14.04z/data=!4m29!4m28!1m20!1m1!1s0x89c22e01a297ca87:0xcbd4d562f29f2e74!2m2!1d-74.1196508!2d40.336069!3m4!1m2!1d-74.1005616!2d40.3367537!3s0x89c231dfdc229de7:0x86f1dff645b2b34a!3m4!1m2!1d-74.1626381!2d40.8410759!3s0x89c2ff0ce653c995:0x2cb839cf9de1b961!3m4!1m2!1d-74.135497!2d40.8278745!3s0x89c2ff4f8e9b46c9:0x8caef042cfb100dc!1m5!1m1!1s0x89c2ff453cbc1c3b:0xd4fe1ad1c4b6f2bc!2m2!1d-74.1370336!2d40.8268293!3e0?entry=ttu&g_ep=EgoyMDI2MDYyOC4wIKXMDSoASAFQAw%3D%3D"
ToWork,116-GSP-150,,93,, $2.25 ,,, $2.25 ,"https://www.google.com/maps/dir/45+Stonehenge+Dr,+Lincroft,+NJ+07738-1516,+USA/77+River+Rd,+Clifton,+NJ+07014/@40.3751796,-74.1605608,14.04z/data=!4m24!4m23!1m15!1m1!1s0x89c22e01a297ca87:0xcbd4d562f29f2e74!2m2!1d-74.1196508!2d40.336069!3m4!1m2!1d-74.1853198!2d40.3833995!3s0x89c232e30cd810cf:0x7b92e45bfb411d79!3m4!1m2!1d-74.1820088!2d40.8079898!3s0x89c25571f0b134d3:0xc1e9d9d64daecd8c!1m5!1m1!1s0x89c2ff453cbc1c3b:0xd4fe1ad1c4b6f2bc!2m2!1d-74.1370336!2d40.8268293!3e0?entry=ttu&g_ep=EgoyMDI2MDYyOC4wIKXMDSoASAFQAw%3D%3D"
ToWork,114-GSP-150,,91, $0.79 , $2.25 ,,, $3.04 ,"https://www.google.com/maps/dir/45+Stonehenge+Dr,+Lincroft,+NJ+07738-1516,+USA/77+River+Rd,+Clifton,+NJ+07014/@40.3671743,-74.1360037,15.04z/data=!4m24!4m23!1m15!1m1!1s0x89c22e01a297ca87:0xcbd4d562f29f2e74!2m2!1d-74.1196508!2d40.336069!3m4!1m2!1d-74.1456679!2d40.3754147!3s0x89c232366a5f9363:0x9dacf1b95994851!3m4!1m2!1d-74.1820088!2d40.8079898!3s0x89c25571f0b134d3:0xc1e9d9d64daecd8c!1m5!1m1!1s0x89c2ff453cbc1c3b:0xd4fe1ad1c4b6f2bc!2m2!1d-74.1370336!2d40.8268293!3e0?entry=ttu&g_ep=EgoyMDI2MDYyOC4wIKXMDSoASAFQAw%3D%3D"
ToWork,109-GSP-150,,89, $0.79 , $2.25 ,,, $3.04 ,"https://www.google.com/maps/dir/45+Stonehenge+Dr,+Lincroft,+NJ+07738-1516,+USA/77+River+Rd,+Clifton,+NJ+07014/@40.8140992,-74.1758353,14.54z/data=!4m24!4m23!1m15!1m1!1s0x89c22e01a297ca87:0xcbd4d562f29f2e74!2m2!1d-74.1196508!2d40.336069!3m4!1m2!1d-74.1005616!2d40.3367537!3s0x89c231dfdc229de7:0x86f1dff645b2b34a!3m4!1m2!1d-74.1820088!2d40.8079898!3s0x89c25571f0b134d3:0xc1e9d9d64daecd8c!1m5!1m1!1s0x89c2ff453cbc1c3b:0xd4fe1ad1c4b6f2bc!2m2!1d-74.1370336!2d40.8268293!3e0?entry=ttu&g_ep=EgoyMDI2MDYyOC4wIKXMDSoASAFQAw%3D%3D"
ToWork,116-GSP-145,,87,, $2.25 ,,, $2.25 ,"https://www.google.com/maps/dir/45+Stonehenge+Dr,+Lincroft,+NJ+07738-1516,+USA/77+River+Rd,+Clifton,+NJ+07014/@40.5094147,-74.1431236,11.21z/data=!4m24!4m23!1m15!1m1!1s0x89c22e01a297ca87:0xcbd4d562f29f2e74!2m2!1d-74.1196508!2d40.336069!3m4!1m2!1d-74.1853198!2d40.3833995!3s0x89c232e30cd810cf:0x7b92e45bfb411d79!3m4!1m2!1d-74.2045161!2d40.7573183!3s0x89c254bac870ad69:0x2cc2cdf2a116cb9e!1m5!1m1!1s0x89c2ff453cbc1c3b:0xd4fe1ad1c4b6f2bc!2m2!1d-74.1370336!2d40.8268293!3e0?entry=ttu&g_ep=EgoyMDI2MDYyOC4wIKXMDSoASAFQAw%3D%3D"
ToWork,114-GSP-145,,85, $0.79 , $2.25 ,,, $3.04 ,"https://www.google.com/maps/dir/45+Stonehenge+Dr,+Lincroft,+NJ+07738-1516,+USA/77+River+Rd,+Clifton,+NJ+07014/@40.371516,-74.1471166,14.96z/data=!4m24!4m23!1m15!1m1!1s0x89c22e01a297ca87:0xcbd4d562f29f2e74!2m2!1d-74.1196508!2d40.336069!3m4!1m2!1d-74.1459202!2d40.3752609!3s0x89c232363fa2128d:0xc16adf67e743881c!3m4!1m2!1d-74.2045161!2d40.7573183!3s0x89c254bac870ad69:0x2cc2cdf2a116cb9e!1m5!1m1!1s0x89c2ff453cbc1c3b:0xd4fe1ad1c4b6f2bc!2m2!1d-74.1370336!2d40.8268293!3e0?entry=ttu&g_ep=EgoyMDI2MDYyOC4wIKXMDSoASAFQAw%3D%3D"
ToWork,109-GSP-145,,83, $0.79 , $2.25 ,,, $3.04 ,"https://www.google.com/maps/dir/45+Stonehenge+Dr,+Lincroft,+NJ+07738-1516,+USA/77+River+Rd,+Clifton,+NJ+07014/@40.341109,-74.1177733,14.96z/data=!4m24!4m23!1m15!1m1!1s0x89c22e01a297ca87:0xcbd4d562f29f2e74!2m2!1d-74.1196508!2d40.336069!3m4!1m2!1d-74.0992661!2d40.3367635!3s0x89c231dfdcaf5001:0xd18d7a7256709f23!3m4!1m2!1d-74.2045161!2d40.7573183!3s0x89c254bac870ad69:0x2cc2cdf2a116cb9e!1m5!1m1!1s0x89c2ff453cbc1c3b:0xd4fe1ad1c4b6f2bc!2m2!1d-74.1370336!2d40.8268293!3e0?entry=ttu&g_ep=EgoyMDI2MDYyOC4wIKXMDSoASAFQAw%3D%3D"
ToWork,116-TP,Off-Peak,81,, $6.10 ,,, $6.10 ,"https://www.google.com/maps/dir/45+Stonehenge+Dr,+Lincroft,+NJ+07738-1516,+USA/77+River+Rd,+Clifton,+NJ+07014/@40.6403717,-74.1779505,11.92z/data=!4m24!4m23!1m15!1m1!1s0x89c22e01a297ca87:0xcbd4d562f29f2e74!2m2!1d-74.1196508!2d40.336069!3m4!1m2!1d-74.1841469!2d40.3829222!3s0x89c232e3458dd4bf:0xe431208839eee2fe!3m4!1m2!1d-74.3008392!2d40.5396252!3s0x89c3b5e6327499df:0x13df48ede2972570!1m5!1m1!1s0x89c2ff453cbc1c3b:0xd4fe1ad1c4b6f2bc!2m2!1d-74.1370336!2d40.8268293!3e0?entry=ttu&g_ep=EgoyMDI2MDYyOC4wIKXMDSoASAFQAw%3D%3D"
ToWork,114-TP,Off-Peak,79, $0.79 , $6.10 ,,, $6.89 ,"https://www.google.com/maps/dir/45+Stonehenge+Dr,+Lincroft,+NJ+07738-1516,+USA/77+River+Rd,+Clifton,+NJ+07014/@40.369748,-74.1525954,15.17z/data=!4m24!4m23!1m15!1m1!1s0x89c22e01a297ca87:0xcbd4d562f29f2e74!2m2!1d-74.1196508!2d40.336069!3m4!1m2!1d-74.1456679!2d40.3754147!3s0x89c232366a5f9363:0x9dacf1b95994851!3m4!1m2!1d-74.3008392!2d40.5396252!3s0x89c3b5e6327499df:0x13df48ede2972570!1m5!1m1!1s0x89c2ff453cbc1c3b:0xd4fe1ad1c4b6f2bc!2m2!1d-74.1370336!2d40.8268293!3e0?entry=ttu&g_ep=EgoyMDI2MDYyOC4wIKXMDSoASAFQAw%3D%3D"
ToWork,109-TP,Off-Peak,77, $0.79 , $6.10 ,,, $6.89 ,"https://www.google.com/maps/dir/45+Stonehenge+Dr,+Lincroft,+NJ+07738-1516,+USA/77+River+Rd,+Clifton,+NJ+07014/@40.3399198,-74.1281595,14.92z/data=!4m24!4m23!1m15!1m1!1s0x89c22e01a297ca87:0xcbd4d562f29f2e74!2m2!1d-74.1196508!2d40.336069!3m4!1m2!1d-74.0987268!2d40.3367146!3s0x89c231dfb93f952d:0x4570bcb2521d5cd0!3m4!1m2!1d-74.3008392!2d40.5396252!3s0x89c3b5e6327499df:0x13df48ede2972570!1m5!1m1!1s0x89c2ff453cbc1c3b:0xd4fe1ad1c4b6f2bc!2m2!1d-74.1370336!2d40.8268293!3e0?entry=ttu&g_ep=EgoyMDI2MDYyOC4wIKXMDSoASAFQAw%3D%3D"
ToWork,116-TP,Peak,75,, $8.13 ,,, $8.13 ,"https://www.google.com/maps/dir/45+Stonehenge+Dr,+Lincroft,+NJ+07738-1516,+USA/77+River+Rd,+Clifton,+NJ+07014/@40.6403717,-74.1779505,11.92z/data=!4m24!4m23!1m15!1m1!1s0x89c22e01a297ca87:0xcbd4d562f29f2e74!2m2!1d-74.1196508!2d40.336069!3m4!1m2!1d-74.1841469!2d40.3829222!3s0x89c232e3458dd4bf:0xe431208839eee2fe!3m4!1m2!1d-74.3008392!2d40.5396252!3s0x89c3b5e6327499df:0x13df48ede2972570!1m5!1m1!1s0x89c2ff453cbc1c3b:0xd4fe1ad1c4b6f2bc!2m2!1d-74.1370336!2d40.8268293!3e0?entry=ttu&g_ep=EgoyMDI2MDYyOC4wIKXMDSoASAFQAw%3D%3D"
ToWork,114-TP,Peak,73, $0.79 , $8.13 ,,, $8.92 ,"https://www.google.com/maps/dir/45+Stonehenge+Dr,+Lincroft,+NJ+07738-1516,+USA/77+River+Rd,+Clifton,+NJ+07014/@40.369748,-74.1525954,15.17z/data=!4m24!4m23!1m15!1m1!1s0x89c22e01a297ca87:0xcbd4d562f29f2e74!2m2!1d-74.1196508!2d40.336069!3m4!1m2!1d-74.1456679!2d40.3754147!3s0x89c232366a5f9363:0x9dacf1b95994851!3m4!1m2!1d-74.3008392!2d40.5396252!3s0x89c3b5e6327499df:0x13df48ede2972570!1m5!1m1!1s0x89c2ff453cbc1c3b:0xd4fe1ad1c4b6f2bc!2m2!1d-74.1370336!2d40.8268293!3e0?entry=ttu&g_ep=EgoyMDI2MDYyOC4wIKXMDSoASAFQAw%3D%3D"
ToWork,109-TP,Peak,71, $0.79 , $8.13 ,,, $8.92 ,"https://www.google.com/maps/dir/45+Stonehenge+Dr,+Lincroft,+NJ+07738-1516,+USA/77+River+Rd,+Clifton,+NJ+07014/@40.3399198,-74.1281595,14.92z/data=!4m24!4m23!1m15!1m1!1s0x89c22e01a297ca87:0xcbd4d562f29f2e74!2m2!1d-74.1196508!2d40.336069!3m4!1m2!1d-74.0987268!2d40.3367146!3s0x89c231dfb93f952d:0x4570bcb2521d5cd0!3m4!1m2!1d-74.3008392!2d40.5396252!3s0x89c3b5e6327499df:0x13df48ede2972570!1m5!1m1!1s0x89c2ff453cbc1c3b:0xd4fe1ad1c4b6f2bc!2m2!1d-74.1370336!2d40.8268293!3e0?entry=ttu&g_ep=EgoyMDI2MDYyOC4wIKXMDSoASAFQAw%3D%3D"
ToHome,Rt3-GSP-116,,69, $2.25 , $2.25 , $-   ,, $4.50 ,"https://www.google.com/maps/dir/77+River+Rd,+Clifton,+NJ+07014/45+Stonehenge+Dr,+Lincroft,+NJ+07738-1516,+USA/@40.5118178,-74.127596,10.21z/data=!4m24!4m23!1m15!1m1!1s0x89c2ff453cbc1c3b:0xd4fe1ad1c4b6f2bc!2m2!1d-74.1370336!2d40.8268293!3m4!1m2!1d-74.1736303!2d40.8506247!3s0x89c2ffa7d37380d5:0xeb983feeb841d5d2!3m4!1m2!1d-74.1855383!2d40.3835749!3s0x89c232e309117f85:0xa8af28b5b215007a!1m5!1m1!1s0x89c22e01a297ca87:0xcbd4d562f29f2e74!2m2!1d-74.1196508!2d40.336069!3e0?entry=ttu&g_ep=EgoyMDI2MDYyOC4wIKXMDSoASAFQAw%3D%3D"
ToHome,Rt3-GSP-109,,67, $2.25 , $2.25 , $0.79 ,, $5.29 ,"https://www.google.com/maps/dir/77+River+Rd,+Clifton,+NJ+07014/45+Stonehenge+Dr,+Lincroft,+NJ+07738-1516,+USA/@40.3519302,-74.1248258,12.96z/data=!4m24!4m23!1m15!1m1!1s0x89c2ff453cbc1c3b:0xd4fe1ad1c4b6f2bc!2m2!1d-74.1370336!2d40.8268293!3m4!1m2!1d-74.1736303!2d40.8506247!3s0x89c2ffa7d37380d5:0xeb983feeb841d5d2!3m4!1m2!1d-74.102732!2d40.3367974!3s0x89c231e048139efb:0x3b503bf43bb09719!1m5!1m1!1s0x89c22e01a297ca87:0xcbd4d562f29f2e74!2m2!1d-74.1196508!2d40.336069!3e0?entry=ttu&g_ep=EgoyMDI2MDYyOC4wIKXMDSoASAFQAw%3D%3D"
ToHome,Rt3-GSP-114,,65, $2.25 , $2.25 , $0.79 ,, $5.29 ,"https://www.google.com/maps/dir/77+River+Rd,+Clifton,+NJ+07014/45+Stonehenge+Dr,+Lincroft,+NJ+07738-1516,+USA/@40.3723359,-74.1516226,15.46z/data=!4m24!4m23!1m15!1m1!1s0x89c2ff453cbc1c3b:0xd4fe1ad1c4b6f2bc!2m2!1d-74.1370336!2d40.8268293!3m4!1m2!1d-74.1736303!2d40.8506247!3s0x89c2ffa7d37380d5:0xeb983feeb841d5d2!3m4!1m2!1d-74.1521023!2d40.3772649!3s0x89c2324969085275:0x869c5ecd40ad7d33!1m5!1m1!1s0x89c22e01a297ca87:0xcbd4d562f29f2e74!2m2!1d-74.1196508!2d40.336069!3e0?entry=ttu&g_ep=EgoyMDI2MDYyOC4wIKXMDSoASAFQAw%3D%3D"
ToHome,Grant-GSP-116,,63, $2.25 , $2.25 , $-   ,, $4.50 ,"https://www.google.com/maps/dir/77+River+Rd,+Clifton,+NJ+07014/45+Stonehenge+Dr,+Lincroft,+NJ+07738-1516,+USA/@40.3786567,-74.1735818,15.21z/data=!4m29!4m28!1m20!1m1!1s0x89c2ff453cbc1c3b:0xd4fe1ad1c4b6f2bc!2m2!1d-74.1370336!2d40.8268293!3m4!1m2!1d-74.1511183!2d40.8114388!3s0x89c2558c50760917:0xc5c9458732501f3c!3m4!1m2!1d-74.1685657!2d40.8177637!3s0x89c255810936f049:0xd0a1dc1bdebc2867!3m4!1m2!1d-74.1830864!2d40.385976!3s0x89c232e2ad1ecdb1:0x897e27b886a9ae2b!1m5!1m1!1s0x89c22e01a297ca87:0xcbd4d562f29f2e74!2m2!1d-74.1196508!2d40.336069!3e0?entry=ttu&g_ep=EgoyMDI2MDYyOC4wIKXMDSoASAFQAw%3D%3D"
ToHome,Grant-GSP-109,,61, $2.25 , $2.25 , $0.79 ,, $5.29 ,"https://www.google.com/maps/dir/77+River+Rd,+Clifton,+NJ+07014/45+Stonehenge+Dr,+Lincroft,+NJ+07738-1516,+USA/@40.3458496,-74.1240631,14.71z/data=!4m29!4m28!1m20!1m1!1s0x89c2ff453cbc1c3b:0xd4fe1ad1c4b6f2bc!2m2!1d-74.1370336!2d40.8268293!3m4!1m2!1d-74.1511183!2d40.8114388!3s0x89c2558c50760917:0xc5c9458732501f3c!3m4!1m2!1d-74.1685657!2d40.8177637!3s0x89c255810936f049:0xd0a1dc1bdebc2867!3m4!1m2!1d-74.1027633!2d40.3380034!3s0x89c231e0f7f386bf:0x8b5f940c354c32b3!1m5!1m1!1s0x89c22e01a297ca87:0xcbd4d562f29f2e74!2m2!1d-74.1196508!2d40.336069!3e0?entry=ttu&g_ep=EgoyMDI2MDYyOC4wIKXMDSoASAFQAw%3D%3D"
ToHome,Grant-GSP-114,,59, $2.25 , $2.25 , $0.79 ,, $5.29 ,"https://www.google.com/maps/dir/77+River+Rd,+Clifton,+NJ+07014/45+Stonehenge+Dr,+Lincroft,+NJ+07738-1516,+USA/@40.5890108,-74.1027566,10.96z/data=!4m29!4m28!1m20!1m1!1s0x89c2ff453cbc1c3b:0xd4fe1ad1c4b6f2bc!2m2!1d-74.1370336!2d40.8268293!3m4!1m2!1d-74.1511183!2d40.8114388!3s0x89c2558c50760917:0xc5c9458732501f3c!3m4!1m2!1d-74.1685657!2d40.8177637!3s0x89c255810936f049:0xd0a1dc1bdebc2867!3m4!1m2!1d-74.1521023!2d40.3772649!3s0x89c2324969085275:0x869c5ecd40ad7d33!1m5!1m1!1s0x89c22e01a297ca87:0xcbd4d562f29f2e74!2m2!1d-74.1196508!2d40.336069!3e0?entry=ttu&g_ep=EgoyMDI2MDYyOC4wIKXMDSoASAFQAw%3D%3D"
ToHome,Rt21-GSP-116,,57, $1.57 , $2.25 , $-   ,, $3.82 ,"https://www.google.com/maps/dir/77+River+Rd,+Clifton,+NJ+07014/45+Stonehenge+Dr,+Lincroft,+NJ+07738-1516,+USA/@40.5224751,-74.0530399,11.42z/data=!4m24!4m23!1m15!1m1!1s0x89c2ff453cbc1c3b:0xd4fe1ad1c4b6f2bc!2m2!1d-74.1370336!2d40.8268293!3m4!1m2!1d-74.1755838!2d40.7486793!3s0x89c25486bd022903:0xff13555c28aa97c6!3m4!1m2!1d-74.1830864!2d40.385976!3s0x89c232e2ad1ecdb1:0x897e27b886a9ae2b!1m5!1m1!1s0x89c22e01a297ca87:0xcbd4d562f29f2e74!2m2!1d-74.1196508!2d40.336069!3e0?entry=ttu&g_ep=EgoyMDI2MDYyOC4wIKXMDSoASAFQAw%3D%3D"
ToHome,Rt21-GSP-109,,55, $1.57 , $2.25 , $0.79 ,, $4.61 ,"https://www.google.com/maps/dir/77+River+Rd,+Clifton,+NJ+07014/45+Stonehenge+Dr,+Lincroft,+NJ+07738-1516,+USA/@40.3481158,-74.0897724,14.17z/data=!4m24!4m23!1m15!1m1!1s0x89c2ff453cbc1c3b:0xd4fe1ad1c4b6f2bc!2m2!1d-74.1370336!2d40.8268293!3m4!1m2!1d-74.1755838!2d40.7486793!3s0x89c25486bd022903:0xff13555c28aa97c6!3m4!1m2!1d-74.1026714!2d40.338397!3s0x89c231e0e5f97b6f:0x9a7f7815968e4bb9!1m5!1m1!1s0x89c22e01a297ca87:0xcbd4d562f29f2e74!2m2!1d-74.1196508!2d40.336069!3e0?entry=ttu&g_ep=EgoyMDI2MDYyOC4wIKXMDSoASAFQAw%3D%3D"
ToHome,Rt21-GSP-114,,53, $1.57 , $2.25 , $0.79 ,, $4.61 ,"https://www.google.com/maps/dir/77+River+Rd,+Clifton,+NJ+07014/45+Stonehenge+Dr,+Lincroft,+NJ+07738-1516,+USA/@40.3747021,-74.1500018,15.67z/data=!4m24!4m23!1m15!1m1!1s0x89c2ff453cbc1c3b:0xd4fe1ad1c4b6f2bc!2m2!1d-74.1370336!2d40.8268293!3m4!1m2!1d-74.1755838!2d40.7486793!3s0x89c25486bd022903:0xff13555c28aa97c6!3m4!1m2!1d-74.151789!2d40.3766645!3s0x89c2324969085275:0x869c5ecd40ad7d33!1m5!1m1!1s0x89c22e01a297ca87:0xcbd4d562f29f2e74!2m2!1d-74.1196508!2d40.336069!3e0?entry=ttu&g_ep=EgoyMDI2MDYyOC4wIKXMDSoASAFQAw%3D%3D"
ToHome,Rt21-TP-116,Peak,51, $6.86 , $2.25 , $-   ,, $9.11 ,"https://www.google.com/maps/dir/77+River+Rd,+Clifton,+NJ+07014/45+Stonehenge+Dr,+Lincroft,+NJ+07738-1516,+USA/@40.3783512,-74.1686908,15.21z/data=!4m24!4m23!1m15!1m1!1s0x89c2ff453cbc1c3b:0xd4fe1ad1c4b6f2bc!2m2!1d-74.1370336!2d40.8268293!3m4!1m2!1d-74.1657145!2d40.7479579!3s0x89c2547c7106c3af:0xaab715ae3f26557e!3m4!1m2!1d-74.1832304!2d40.3857693!3s0x89c232e2b7f286b7:0xb03f64efb50b0b5b!1m5!1m1!1s0x89c22e01a297ca87:0xcbd4d562f29f2e74!2m2!1d-74.1196508!2d40.336069!3e0?entry=ttu&g_ep=EgoyMDI2MDYyOC4wIKXMDSoASAFQAw%3D%3D"
ToHome,Rt21-TP-109,Peak,49, $6.86 , $2.25 , $0.79 ,, $9.90 ,"https://www.google.com/maps/dir/77+River+Rd,+Clifton,+NJ+07014/45+Stonehenge+Dr,+Lincroft,+NJ+07738-1516,+USA/@40.3442616,-74.1053025,15.21z/data=!4m24!4m23!1m15!1m1!1s0x89c2ff453cbc1c3b:0xd4fe1ad1c4b6f2bc!2m2!1d-74.1370336!2d40.8268293!3m4!1m2!1d-74.1657145!2d40.7479579!3s0x89c2547c7106c3af:0xaab715ae3f26557e!3m4!1m2!1d-74.102629!2d40.3386899!3s0x89c231e0e5f97b6f:0x9a7f7815968e4bb9!1m5!1m1!1s0x89c22e01a297ca87:0xcbd4d562f29f2e74!2m2!1d-74.1196508!2d40.336069!3e0?entry=ttu&g_ep=EgoyMDI2MDYyOC4wIKXMDSoASAFQAw%3D%3D"
ToHome,Rt21-TP-114,Peak,47, $6.86 , $2.25 , $0.79 ,, $9.90 ,"https://www.google.com/maps/dir/77+River+Rd,+Clifton,+NJ+07014/45+Stonehenge+Dr,+Lincroft,+NJ+07738-1516,+USA/@40.4493244,-74.1514754,11.67z/data=!4m24!4m23!1m15!1m1!1s0x89c2ff453cbc1c3b:0xd4fe1ad1c4b6f2bc!2m2!1d-74.1370336!2d40.8268293!3m4!1m2!1d-74.1657145!2d40.7479579!3s0x89c2547c7106c3af:0xaab715ae3f26557e!3m4!1m2!1d-74.151789!2d40.3766645!3s0x89c2324969085275:0x869c5ecd40ad7d33!1m5!1m1!1s0x89c22e01a297ca87:0xcbd4d562f29f2e74!2m2!1d-74.1196508!2d40.336069!3e0?entry=ttu&g_ep=EgoyMDI2MDYyOC4wIKXMDSoASAFQAw%3D%3D"
ToHome,Rt21-TP-116,Off-Peak,45, $5.15 , $2.25 , $-   ,, $7.40 ,"https://www.google.com/maps/dir/77+River+Rd,+Clifton,+NJ+07014/45+Stonehenge+Dr,+Lincroft,+NJ+07738-1516,+USA/@40.3783512,-74.1686908,15.21z/data=!4m24!4m23!1m15!1m1!1s0x89c2ff453cbc1c3b:0xd4fe1ad1c4b6f2bc!2m2!1d-74.1370336!2d40.8268293!3m4!1m2!1d-74.1657145!2d40.7479579!3s0x89c2547c7106c3af:0xaab715ae3f26557e!3m4!1m2!1d-74.1832304!2d40.3857693!3s0x89c232e2b7f286b7:0xb03f64efb50b0b5b!1m5!1m1!1s0x89c22e01a297ca87:0xcbd4d562f29f2e74!2m2!1d-74.1196508!2d40.336069!3e0?entry=ttu&g_ep=EgoyMDI2MDYyOC4wIKXMDSoASAFQAw%3D%3D"
ToHome,Rt21-TP-109,Off-Peak,43, $5.15 , $2.25 , $0.79 ,, $8.19 ,"https://www.google.com/maps/dir/77+River+Rd,+Clifton,+NJ+07014/45+Stonehenge+Dr,+Lincroft,+NJ+07738-1516,+USA/@40.3442616,-74.1053025,15.21z/data=!4m24!4m23!1m15!1m1!1s0x89c2ff453cbc1c3b:0xd4fe1ad1c4b6f2bc!2m2!1d-74.1370336!2d40.8268293!3m4!1m2!1d-74.1657145!2d40.7479579!3s0x89c2547c7106c3af:0xaab715ae3f26557e!3m4!1m2!1d-74.102629!2d40.3386899!3s0x89c231e0e5f97b6f:0x9a7f7815968e4bb9!1m5!1m1!1s0x89c22e01a297ca87:0xcbd4d562f29f2e74!2m2!1d-74.1196508!2d40.336069!3e0?entry=ttu&g_ep=EgoyMDI2MDYyOC4wIKXMDSoASAFQAw%3D%3D"
ToHome,Rt21-TP-114,Off-Peak,41, $5.15 , $2.25 , $0.79 ,, $8.19 ,"https://www.google.com/maps/dir/77+River+Rd,+Clifton,+NJ+07014/45+Stonehenge+Dr,+Lincroft,+NJ+07738-1516,+USA/@40.4493244,-74.1514754,11.67z/data=!4m24!4m23!1m15!1m1!1s0x89c2ff453cbc1c3b:0xd4fe1ad1c4b6f2bc!2m2!1d-74.1370336!2d40.8268293!3m4!1m2!1d-74.1657145!2d40.7479579!3s0x89c2547c7106c3af:0xaab715ae3f26557e!3m4!1m2!1d-74.151789!2d40.3766645!3s0x89c2324969085275:0x869c5ecd40ad7d33!1m5!1m1!1s0x89c22e01a297ca87:0xcbd4d562f29f2e74!2m2!1d-74.1196508!2d40.336069!3e0?entry=ttu&g_ep=EgoyMDI2MDYyOC4wIKXMDSoASAFQAw%3D%3D"
ToHome,TP-116,Peak,39, $8.13 , $2.25 , $-   ,, $10.38 ,"https://www.google.com/maps/dir/77+River+Rd,+Clifton,+NJ+07014/45+Stonehenge+Dr,+Lincroft,+NJ+07738-1516,+USA/@40.7993665,-74.0766591,12.75z/data=!4m24!4m23!1m15!1m1!1s0x89c2ff453cbc1c3b:0xd4fe1ad1c4b6f2bc!2m2!1d-74.1370336!2d40.8268293!3m4!1m2!1d-74.093227!2d40.8106267!3s0x89c2f89df3aebc3f:0xc2574b8f3ba0eff4!3m4!1m2!1d-74.1832304!2d40.3857693!3s0x89c232e2b7f286b7:0xb03f64efb50b0b5b!1m5!1m1!1s0x89c22e01a297ca87:0xcbd4d562f29f2e74!2m2!1d-74.1196508!2d40.336069!3e0?entry=ttu&g_ep=EgoyMDI2MDYyOC4wIKXMDSoASAFQAw%3D%3D"
ToHome,TP-109,Peak,37, $8.13 , $2.25 , $0.79 ,, $11.17 ,"https://www.google.com/maps/dir/77+River+Rd,+Clifton,+NJ+07014/45+Stonehenge+Dr,+Lincroft,+NJ+07738-1516,+USA/@40.3504913,-74.1010282,14.79z/data=!4m24!4m23!1m15!1m1!1s0x89c2ff453cbc1c3b:0xd4fe1ad1c4b6f2bc!2m2!1d-74.1370336!2d40.8268293!3m4!1m2!1d-74.093227!2d40.8106267!3s0x89c2f89df3aebc3f:0xc2574b8f3ba0eff4!3m4!1m2!1d-74.1026714!2d40.338397!3s0x89c231e0e5f97b6f:0x9a7f7815968e4bb9!1m5!1m1!1s0x89c22e01a297ca87:0xcbd4d562f29f2e74!2m2!1d-74.1196508!2d40.336069!3e0?entry=ttu&g_ep=EgoyMDI2MDYyOC4wIKXMDSoASAFQAw%3D%3D"
ToHome,TP-114,Peak,35, $8.13 , $2.25 , $0.79 ,, $11.17 ,"https://www.google.com/maps/dir/77+River+Rd,+Clifton,+NJ+07014/45+Stonehenge+Dr,+Lincroft,+NJ+07738-1516,+USA/@40.3578027,-74.1292455,14.29z/data=!4m24!4m23!1m15!1m1!1s0x89c2ff453cbc1c3b:0xd4fe1ad1c4b6f2bc!2m2!1d-74.1370336!2d40.8268293!3m4!1m2!1d-74.093227!2d40.8106267!3s0x89c2f89df3aebc3f:0xc2574b8f3ba0eff4!3m4!1m2!1d-74.1511261!2d40.3756069!3s0x89c2324969085275:0x5653a35e3a3e490!1m5!1m1!1s0x89c22e01a297ca87:0xcbd4d562f29f2e74!2m2!1d-74.1196508!2d40.336069!3e0?entry=ttu&g_ep=EgoyMDI2MDYyOC4wIKXMDSoASAFQAw%3D%3D"
ToHome,TP-116,Off-Peak,33, $6.10 , $2.25 , $-   ,, $8.35 ,"https://www.google.com/maps/dir/77+River+Rd,+Clifton,+NJ+07014/45+Stonehenge+Dr,+Lincroft,+NJ+07738-1516,+USA/@40.7993665,-74.0766591,12.75z/data=!4m24!4m23!1m15!1m1!1s0x89c2ff453cbc1c3b:0xd4fe1ad1c4b6f2bc!2m2!1d-74.1370336!2d40.8268293!3m4!1m2!1d-74.093227!2d40.8106267!3s0x89c2f89df3aebc3f:0xc2574b8f3ba0eff4!3m4!1m2!1d-74.1832304!2d40.3857693!3s0x89c232e2b7f286b7:0xb03f64efb50b0b5b!1m5!1m1!1s0x89c22e01a297ca87:0xcbd4d562f29f2e74!2m2!1d-74.1196508!2d40.336069!3e0?entry=ttu&g_ep=EgoyMDI2MDYyOC4wIKXMDSoASAFQAw%3D%3D"
ToHome,TP-109,Off-Peak,31, $6.10 , $2.25 , $0.79 ,, $9.14 ,"https://www.google.com/maps/dir/77+River+Rd,+Clifton,+NJ+07014/45+Stonehenge+Dr,+Lincroft,+NJ+07738-1516,+USA/@40.3504913,-74.1010282,14.79z/data=!4m24!4m23!1m15!1m1!1s0x89c2ff453cbc1c3b:0xd4fe1ad1c4b6f2bc!2m2!1d-74.1370336!2d40.8268293!3m4!1m2!1d-74.093227!2d40.8106267!3s0x89c2f89df3aebc3f:0xc2574b8f3ba0eff4!3m4!1m2!1d-74.1026714!2d40.338397!3s0x89c231e0e5f97b6f:0x9a7f7815968e4bb9!1m5!1m1!1s0x89c22e01a297ca87:0xcbd4d562f29f2e74!2m2!1d-74.1196508!2d40.336069!3e0?entry=ttu&g_ep=EgoyMDI2MDYyOC4wIKXMDSoASAFQAw%3D%3D"
ToHome,TP-114,Off-Peak,29, $6.10 , $2.25 , $0.79 ,, $9.14 ,"https://www.google.com/maps/dir/77+River+Rd,+Clifton,+NJ+07014/45+Stonehenge+Dr,+Lincroft,+NJ+07738-1516,+USA/@40.3578027,-74.1292455,14.29z/data=!4m24!4m23!1m15!1m1!1s0x89c2ff453cbc1c3b:0xd4fe1ad1c4b6f2bc!2m2!1d-74.1370336!2d40.8268293!3m4!1m2!1d-74.093227!2d40.8106267!3s0x89c2f89df3aebc3f:0xc2574b8f3ba0eff4!3m4!1m2!1d-74.1511261!2d40.3756069!3s0x89c2324969085275:0x5653a35e3a3e490!1m5!1m1!1s0x89c22e01a297ca87:0xcbd4d562f29f2e74!2m2!1d-74.1196508!2d40.336069!3e0?entry=ttu&g_ep=EgoyMDI2MDYyOC4wIKXMDSoASAFQAw%3D%3D"
